MLS No,Status,DOM,Address,Unit,City,Area,LP,SP,BT,SqFt,BR,Bth,PB,Gar,GarSp,YrBlt,Acres,Lot SqFt,HOA Fee,Freq,3rd Party Synd. Remarks,ADU Baths Full,ADU Baths Partial,ADU Bedrooms,ADU Building Type,ADU Description,ADU Kitchen,ADU Main Entry Floor,ADU Meter,ADU Occupied,ADU Rents For,ADU Sq. Ft.,ADU SqFt Source,ADU Y/N,Age,Agent Has Ownership,Agent Hit Count,Agent Related to Principal,Assessors Parcel No,Associated Document Count,Available to Show,Board ID,Branded Media Link,Branded Media Link 2,Builder/Architect,Buyer Agent DRE Num.,Buyer Broker DRE Number,Census Tract,City Transfer Tax,Class,Client Hit Count,Closing Date,Co Buy Agent DRE Num.,Co List Agent DRE Num.,Co-List Agent email,Co-List Agent Fax,Complex Name,Concessions at COE,Confidential Remarks,County,Cross Street,Cumulative DOM,Cumulative DOMLS,Days On MLS,Directions to Property,Disclosures Link,Dist/Nbrhood/Sub,Elementary School Distric,Entry Agent First Name,Entry Agent ID,Entry Agent Last Name,Entry Agent License ID,Expire Date,Filtered Address,FIPS Code,Fireplaces,Floor Unit is on,Foreclosure Status,Gate Code,General Date,Geocode Quality,High School District,HOA,HOA Management Companies,HOA Name,HOA Name (Other),HOA Phone,Homesnap Appt. Scheduling,Hotsheet Date,How Sold,Input Date,List $/SqFt,List Agent DRE Num.,List Date,Listing Agt email,Listing Agt Fax,Listing Broker DRE Number,Listing Service,Listing Type,Listing Visibility Type,Lockbox Location,Model,New Subdivision,Number of offers,Occpnt Req 24 Hr Notice,Occupant Name,Occupant Phone,Occupied By,Off Market Date,Old Complex,Old Concessions,Old Elem,Old High,Old HOA Name,Old Middle,Old MLS #,Old Subdivision,Original Price,Ownership Type,Pending Date,Pending Litigation,Percent Owner Occ,Photo Permission,Picture Count,Point of Sale Ordinance,Pool,Preferred Agent Fax,Previous Price,Price,Price Date,Price Per SQFT,Primary Showing Contact,Primary Showing Phone,Printed Neighborhood Rpt,Property ID,Public Remarks,Radar ID,Rooms Total,Sale $/SqFt,Sale COOP,Sale/Last List $,Sale/Original $,Sale/Rent,Sales Office Info Remarks,Showing Instruction,Showing Schedule Link,Sold Price Per SQFT,Source,Special Information,State,Status Date,Stories,Subdivision (Other),Subdivision Profile Rmks,Supra Box?,Tax ID,TIC % Owner Offered,Total # of Garage and Parking Spaces,Unbranded Media Link,Unbranded Media Link 2,Units in Complex,Update Date,VOW Address,VOW AVM,VOW Comment,VOW Include,WiFi Last,ZIDX Only House #,ZIDX Only Street Dir,ZIDX Only Street Name,Zip,Zoning
ML81934089,SLD,7,1282 Camino Pablo,,SAN JOSE,9999,"$2,288,000","$2,300,000",DE,1818.0,3.0,2.0,1.0,Y,2.0,1951.0,0.1445,"6,295",,,,,,,,,,,,,,,,,72.0,,,,429-13-037,0,,Datashare MLSListings,https://player.vimeo.com/video/843425065,,,1374382.0,,,,RESIDENTIAL,,8/11/2023,,,,,,,"Easy to Show TEXT 408-891-1332 DisclosuresEmail valmein@gmail.com OFFERS DUE WEDNESDAY the 12TH BY 4PM.Offers Must Include Signed Disclosure Package, PreApproval Letter, Proof of Funds,Selling Agent AVID, CAR Contract Please. Additional Upgrades and Amenities: Central A/C, Garage 400 sq.ft. with Pulldown Attic Access, Daiken Unit in Garage, New Garage Roof in 2019, New Master Bath, Powder Bathroom and Laundry Room in 2015, Exterior Paint 2018, Alarm System Wired, Whole House Audio, Whole House Intercom, Velodyne Built-In Subwoofer in Family Room, Over the Air HD Antenna w/Amplifier for Whole Distribution, Multiple Touch Screens, Nest Networked Thermostat and CAT 5E and Coax to Each Room.Coveted Location Near the Willow Glen Farmer's Market, Near Bramhall Park and Pickle Ball Courts, Bike Cruise to the Los Gatos Creek Trail,Near the Google Pick-Up and Drop-Off Locations, Near the Tamien Station Caltrain/Light Rail.",Santa Clara,Willow Street,7,7,7,,,,San Jose Unified,,,,,,1282 Camino Pablo,6085.0,1.0,,,,7/13/2023,,San Jose Unified,No,,,,,,8/11/2023,Conventional,7/6/2023 7:23 AM,"$1,258",01216634,7/6/2023,valmein@gmail.com,,,Full Service,Excl Right,Market Listing,,,,,,,,Call Agent,7/13/2023,,,,,,,,,"$2,288,000",,7/13/2023,,,Public,57,,No,,,"$2,300,000",,"$1,265.13",Valerie Mein,408-891-1332,,81934089.0,"Located in the Sweet Spot of Willow Glen,Remodeled in 2001 by De Mattei Construction,Kitchen Remodel in 2018,Backyard&Family Room Designed by Irving Tamura Designs in 2008 w/Outdoor Kitchen&Fireplace,Enjoy Block Parties,Christmas&Halloween Themed Decor,Stroll to Lincoln Avenue!New Interior Paint&Designer Light Fixtures 2023.Formal Living Room w/Hardwood Floors,New Gas Insert in Fireplace.Dining Area w/Vaulted Ceiling&Hardwood Floors.Family Room w/Two Skylights,Vaulted Ceiling&Custom Built-Ins.Gourmet Chef's Kitchen w/3 Skylights,Quartz Countertops,Island w/Sink,Roth Custom Cabinets,Pendant Lights,Peninsula Seating,Professional Grade S/S Appliances.Master Bedroom w/Hardwood Floors,Tray Ceiling,Walk-In Closet,Bench Seating&Built-In Speakers.Master Bath w/Double Vanity,Marble Countertops&NuHeat Tile Floors.Backyard w/Outdoor Kitchen,Fireplace,Waterfall Feature,Bar Area,Viking Gas Grill&Cooktop w/Two Burners,Fisher & Paykel Dishwasher,2 GE Profile Beverage Refrigerators,4 Built-In Heaters.",,,"$1,265",,,,For Sale,,,,"$1,265.13",,,CA,8/11/2023,One Story,,,,,,,https://player.vimeo.com/video/843426482,,,8/11/2023,Yes,Yes,Yes,Yes,,,,,95125,R1-8
ML81924731,SLD,0,948 Paula Street,,SAN JOSE,9999,"$1,499,999","$1,450,000",DE,1384.0,3.0,1.0,1.0,,0.0,1900.0,0.149,"6,492",,,,,,,,,,,,,,,,,123.0,,,,264-06-090,0,,Datashare MLSListings,https://www.948paulast.com,,,02077019,,,Yes,RESIDENTIAL,,5/12/2023,,,,,,,"Home is vacant, Subra next to door to the basement in backyard. This is an AS-IS sale. All section 1 & roof items have been repaired. Heating & cooling has recently been installed in both house & basement. Agent/Broker do not represent or guarantee accuracy of the square footage, permitted or unpermitted space, bd/ba count, lot size/dimensions, schools, or other information concerning the conditions or features of the property. Buyer is advised to independently verify the accuracy of all information thru personal inspection & w/appropriate professionals to satisfy themselves. Buyer to cooperate w Seller's 1031 exchange at no cost to Buyer. Submit offers w SIGNED seller disclosures including buyers agent AVID, pre-approval letter, & POF to homes@ginamarieherrera.com. EMD to be wired within 1 business day after offer is accepted. Escrow opened w First American Title. Buyer can earn passive income, Seller Airbnb for the last four years, LA managed the rentals. An Investor Dream!",Santa Clara,Race St,0,0,0,,,,San Jose Unified,,,,,,948 Paula ST,6085.0,1.0,,,,4/14/2023,,San Jose Unified,No,,,,,,5/13/2023,FHA,4/14/2023 8:17 AM,"$1,083",02077019,4/14/2023,homes@ginamarieherrera.com,,,Full Service,Excl Right,Market Listing,,,,,,,,Vacant,4/14/2023,,,,,,,,,"$1,499,999",,4/14/2023,,,Public,73,,No,,,"$1,450,000",,"$1,047.69",Gina Marie Herrera,408-930-1071,,81924731.0,"Nestled in the heart of Willow Glen, this charming 1900s Victorian Bungalow boasts w pride of ownership. Meticulously updated, this hm offers 3 separate units. The main hm has 2 beds 1.5 baths & offers a 1/1 finished basement apartment & a 1/1 quaint detached cottage that isnt included in the sq-ft. Its on a private 6492 sq-ft lot, w a large covered porch looking among the beautiful landscape & fruit trees. Upon entering the main hm, it brims w natural light thru the picturesque windows & features: recessed lighting, hardwood flooring thru-out the entire hm, crown molding & a wood burning fireplace. The kitchen features butcher block countertops & ample white shaker cabinetry. The hall connects the spacious beds & spa-like bath, laundry closet & a half bath. While living in the main hm, you can rent the other 2 units for excellent cash flow. The basement has 1 bed, 1 bath, full kitchen & a light filled living area. The cottage has a loft bed, 1 bath, kitchenette & spacious living area.",,,"$1,047",,,,For Sale,,Text LA Business Card for COMBO Box CODE,,"$1,047.69",,,CA,5/12/2023,One Story,,,,,,,https://www.948paulast.com/mls/85284786,,,5/14/2023,Yes,Yes,Yes,Yes,,,,,95126,RM
ML81952491,SLD,4,1135 Willow Street,,SAN JOSE,9999,"$2,448,000","$2,500,000",DE,2686.0,5.0,2.0,1.0,Y,2.0,1939.0,0.130000,"5,663",,,,,,,,,,,,,,,,,85.0,,,,264-58-081,0,,Datashare MLSListings,https://www.1135willow.com/branded,,,02015521,,,Yes,RESIDENTIAL,,3/14/2024,,,,,,,"Please TEXT Jordan Mott at 408-966-0846 to schedule a showing. Home is OWNER OCCUPIED - Do Not Go Direct! Contact Jordan Mott regarding offers. If you are planning on submitting an offer - please include all signed disclosures, preapproval letter, and proof of funds. Seller is simply looking for the highest priced offer with the cleanest terms. If you have any questions, please do not hesitate to reach out. Thank you in advance and we look forward to potentially working with you and your buyers! Disclosures can be accessed at: https://app.disclosures.io/link/1135-Willow-Street-nhhlpafz",Santa Clara,Crescent Drive,4,5,5,,,,San Jose Unified,,,,,,1135 Willow ST,6085.0,1.0,,,,2/19/2024,,San Jose Unified,No,,,,,,3/14/2024,Conventional,2/14/2024 4:00 PM,$911,01959108,2/15/2024,jmott@intero.com,,,Full Service,Excl Right,Market Listing,,,,,,,,Call Agent,2/19/2024,,,,,,,,,"$2,448,000",,2/19/2024,,,Public,45,,No,,,"$2,500,000",,$930.75,Jordan Mott,408-966-0846,,81952491.0,"Welcome to 1135 Willow Street - Situated in the heart of Willow Glen - Just steps away from Shopping + Restaurants on Lincoln Avenue! This stunning home features 5 Beds / 2.5 Baths, Approx 2,686 Sq Ft of Living Space + Finished Basement (Approx. 240 Sq Ft) and has been completely remodeled throughout! Updated kitchen w/ white shaker style cabinetry, Quartz counters, high-end stainless-steel appliances, and peninsula w/ seating! The kitchen flows directly to your dining area and large living room - creating a great room - perfect for entertaining. Large living room highlighted by a fireplace w/ stacked stone surround, mantle, and plentiful amounts of natural light. Huge primary bedroom w/ attached space perfect for a home office or nursey. En-Suite Primary Bath w/ double sinks, new light fixtures, shower, and separate tub. Four additional beds - one of which is currently being used as a separate family room. Elegant courtyard area outside w/ tile flooring, Ipe deck for dining, water feature, firepit area, and modern design for privacy - an entertainer's dream. Literally just steps away from Lincoln Avenue where you can enjoy The Table, Bills Cafe, Copita, and much more. This home will truly allow you to immerse yourself in everything that living in Willow Glen has to offer!",,,$930,,,,For Sale,,"Appointment Only,Do Not Go Direct",,$930.75,,,CA,3/14/2024,Two Story,,,,,,,https://www.1135willow.com/unbranded,,,3/16/2024,Yes,Yes,Yes,Yes,,,,,95125,R1-8
ML81929602,SLD,6,1670 Lupton Avenue,,SAN JOSE,9999,"$2,199,000","$2,320,000",DE,1978.0,3.0,2.0,,Y,1.0,1939.0,0.1455,"6,336",,,,,,,,,,,,,,,,,84.0,,,,429-33-069,0,,Datashare MLSListings,https://beyondre.marketing/1670-Lupton-Ave,,,1035286.0,,,,RESIDENTIAL,,6/6/2023,,,david@davidtroyer.com,,,,"Easy to Show Text Alicia 408-802-5106 Disclosures Available Email alicia@aliciaduarte.com. Offers due Wednesday May 31st by 1:00PM Offers Must Include Signed Disclosure Package, Pre Approval Letter, Proof of Funds, Selling Agen AVID, CAR Contract Please. New Furnace 2021, New Water Heater 2019 Laundry Closet Inside with Stackable Washer&Dryer,Manual Wrought Iron Design Gate with Wood Details for Extra Privacy.",Santa Clara,Pine Avenue,6,6,6,,,,San Jose Unified,,,,,,1670 Lupton AVE,6085.0,1.0,,,,5/31/2023,,San Jose Unified,No,,,,,,6/6/2023,Cash,5/25/2023 8:23 AM,"$1,111",1396055.0,5/25/2023,alicia@aliciaduarte.com,,,Full Service,Excl Right,Market Listing,,,,,,,,Owner,5/31/2023,,,,,,,,,"$2,199,000",,5/31/2023,,,Public,70,,No,,,"$2,320,000",,"$1,172.90",Alicia Duarte,408-802-5106,,81929602.0,"Adorable Modern Craftsman on Sought After Willow Glen Street Coveted Lupton Avenue! Extensively Remodeled in 2019 with High End Finishes, 1,978 sq.ft. Home, 3 Bedrooms, 2 Full Bathrooms, Plus 105 sq.ft. Detached Office, 120 sq.ft. Covered Porch, & 231 sq.ft. Detached Garage, 6,336 sq.ft. lot. Formal Entry with Rich Hardwood Floors. Formal Living w/Gas Fireplace,Wood Mantel,Picture Window.Formal Dining Room w/French Doors to Covered Porch.Gourmet Chef's Kitchen w/Expansive Center Island,Island Seating,Pendant Lights,Wolf 6-Burner Gas Range,Bosch Dishwasher,JennAir Refrigerator,GE Built-In Microwave&Breakfast Nook.Family Room w/Gleaming Hardwood Floors.Primary Bedroom Suite w/Coved Ceiling,Huge Walk-In Closet,Sliding Glass Door to Serene Backyard.Primary Bath w/Double Vanity,Walk-In Shower,Skylight&Tile Floors.Professionally Landscaped Front&Backyard,New Plants&Flowers,Blooming Roses&Lemon Tree.Central A/C,Water Softener&Water Filter.Stroll to Downtown Willow Glen& to WG Farmer's Market!",,,"$1,172",,,,For Sale,,,,"$1,172.90",,,CA,6/6/2023,One Story,,,,,,,https://beyondre.marketing/1670-Lupton-Ave/idx,,,6/6/2023,Yes,Yes,Yes,Yes,,,,,95125,R1-8
ML81948728,SLD,6,1193 Crescent Drive,,SAN JOSE,9999,"$2,450,000","$2,550,000",DE,2512.0,3.0,2.0,1.0,Y,2.0,1941.0,0.14,"6,098",,,,,,,,,,,,,,,,,82.0,,,,429-08-053,0,,Datashare MLSListings,https://www.susanandshawn.com/1193crescentdrive,,,02143604,,,Yes,RESIDENTIAL,,1/2/2024,,,,,,,Disclosures @ https://app.disclosures.io/link/1193-Crescent-Drive-ou75fkud. Listing Agent is related to Seller.,Santa Clara,Willow,6,7,7,,,,San Jose Unified,,,,,,1193 Crescent DR,6085.0,2.0,,,,12/6/2023,,San Jose Unified,No,,,,,,1/10/2024,Conventional,11/29/2023 4:00 PM,$975,70000700,11/30/2023,susan.castaneda@cbnorcal.com,,,Full Service,Excl Right,Market Listing,,,,,,,,Owner,12/6/2023,,,,,,,,,"$2,450,000",,12/6/2023,,,Public,53,,No,,,"$2,550,000",,"$1,015.13",,,,81948728.0,"Remodeled 1940's home in the heart of quintessential Willow Glen & just a few minutes walk to downtown. This custom home was remodeled with entertainment in mind. White Oak floors flow throughout the entire home & abundant windows allow light to flood the home. The center island in the kitchen is the hub of the home where family & friends gather. Quartzite counters & white cabinets give a classic look. The kitchen/great room combo has sliding doors to the hardscaped backyard where a gas fireplace is a focal feature & the covered pergola is ideal for dining on warm CA evenings. The primary bedroom is downstairs with french doors that open to the backyard & a large spa-like bathroom. The formal living room has an inviting gas fireplace & a smaller den/office across the hall is perfect for working from home. Upstairs are 2 large bedrooms & a fully remodeled bath. A walk-in attic tops off the second floor. With so many additional features not mentioned, this home is a must see.",,,"$1,015",,,,For Sale,,Text Owner at 408-601-9708 to schedule Do Not Go Without Appointment.,,"$1,015.13",,,CA,1/9/2024,Two Story,,,,,,,,,,1/11/2024,Yes,Yes,Yes,Yes,,,,,95125,R1-8
ML81949794,SLD,0,1138 Crescent Drive,,SAN JOSE,9999,"$2,600,000","$2,600,000",DE,2832.0,4.0,3.0,,Y,1.0,1939.0,0.15,"6,534",,,,,,,,,,,,,,,,,84.0,,,,264-58-046,0,,Datashare MLSListings,,,,01879849,,,,RESIDENTIAL,,1/12/2024,,,,,,,One of the sellers is a licensed real estate agent,Santa Clara,Willow Street,0,0,0,,,,San Jose Unified,,,,,,1138 Crescent DR,6085.0,2.0,,,,12/15/2023,,San Jose Unified,No,,,,,,1/14/2024,Conventional,12/15/2023 2:21 AM,$918,01791596,12/15/2023,susan.laragione@corcoranicon.com,,,,Excl Right,Market Listing,,,,,,,,Owner,12/15/2023,,,,,,,,,"$2,600,000",,12/15/2023,,,Public,1,,No,,,"$2,600,000",,$918.08,,,,81949794.0,"Nestled in the heart of Willow Glen, less than a 5 minute walk to town, sits this beautifully updated home. Open kitchen, alder cabinets, Viking fridge, stainless steel appliances, Thermador gas stove and oven. Slate flooring, marble honed countertops. Antique Carrera Marble in bar area w/wine fridge, small sink. Separate dining area that overlooks the beautiful grounds. Formal room that houses a charming fireplace along with another large gathering room. Full bathroom and bedroom downstairs. Library/office w/ built-in shelves. Wood flooring throughout, recessed lighting, AC/central heat. Huge primary room with vaulted ceilings, fireplace, walk in closet and a bathroom to die for. Detached garage with an additional room attached (permits unknown, buyer to investigate) and is being used as a gym-has access to a private oasis. Backyard is inviting with a fountain, large tree, stone walkways. Owned solar / water softener. Great basement with wine racks, laundry, art area/cabinets.",,,$918,,,,For Sale,,,,$918.08,,,CA,1/14/2024,Two Story,,,,,,,,,,1/14/2024,Yes,Yes,Yes,Yes,,,,,95125,R1-8
41024749,SLD,0,1066 Camino Ramon,,SAN JOSE,9999,"$1,600,000","$1,600,000",DE,1547.0,3.0,2.0,0.0,Y,2.0,1938.0,0.15,"6,634",,,,,,,,,,,,,,,,,85.0,,,,264-60-061,0,,BAY EAST,,,,01333990,01522213,,Yes,RESIDENTIAL,,5/22/2023,,,,,,,,Santa Clara,Willow,0,0,0,Willow to Camino Ramon,,Other,,,,,,,,6085.0,1.0,,,,4/20/2023,,,No,,,,,,5/22/2023,Conventional,4/20/2023 11:34 AM,"$1,034",01333990,4/20/2023,,,1522213.0,Full Service,Excl Right,Market Listing,,,,1.0,Yes,,,Call Agent,4/20/2023,,none,,,,,41024749,,"$1,600,000",,4/20/2023,,,,1,No,No,,"$1,600,000","$1,600,000",4/20/2023,"$1,034.26",,,Yes,,,,7.0,"$1,034",Same agent Listing and Buying,100.0,100.0,For Sale,,,,"$1,034.26",Public Records,,CA,5/22/2023,One Story,,,No,264-60-061,,,,,,5/22/2023,Yes,Yes,Yes,Yes,,1066.0,,Camino Ramon,95125,
ML81924576,SLD,6,1134 Crescent Drive,,SAN JOSE,9999,"$1,775,000","$1,902,000",DE,1807.0,3.0,2.0,,Y,2.0,1938.0,0.1591,"6,930",,,,,,,,,,,,,,,,,85.0,,,,264-58-044,0,,Datashare MLSListings,https://vimeo.com/818723728,,,01326725,,,,RESIDENTIAL,,5/23/2023,,,rjohnson@intero.com,,,,Call Paul or Tami with questions. Offer Date Tues 4/25 by 12pm. Seller reserves the right to accept a pre-emptive offer. Disclosures and reports located at: https://app.disclosures.io/link/1134-Crescent-Drive-ig4e8rgg,Santa Clara,El Abra,6,7,7,,,,San Jose Unified,,,,,,1134 Crescent DR,6085.0,1.0,,,,4/25/2023,,San Jose Unified,No,,,,,,5/25/2023,Conventional,4/18/2023 5:00 PM,$982,01449321,4/19/2023,paul.bertoldo@compass.com,,,,Excl Right,Market Listing,,,,,,,,Owner,4/25/2023,,,,,,,,,"$1,775,000",,4/25/2023,,,Public,51,,No,,,"$1,902,000",,"$1,052.57",,,,81924576.0,"Location, location, location! This is a downtown Willow Glen Beauty! The perfect mix of a traditional Willow Glen home with practical upgrades done over the years. Just a short walk to Downtown Willow Glen and all that The Avenue has to offer. Configured with 3 bedrooms and 2 baths, this property has many features, including; large living room with original tile fireplace and custom ceiling, separate formal dining room, spacious kitchen with light and bright eat in area, quarter basement, and 2 car detached garage. Other features include indoor laundry, gated driveway, hardwood flooring, air conditioning, double pane wood windows, covered patio area, and much more! Homes like this are what makes Willow Glen such a desirable community!",,,"$1,052",,,,For Sale,,,,"$1,052.57",,,CA,5/24/2023,One Story,,,,,,,https://vimeo.com/818723811,,,5/26/2023,Yes,Yes,Yes,Yes,,,,,95125,R1-8
ML81924378,SLD,12,1020 Cherry Avenue,,SAN JOSE,9999,"$3,250,000","$3,125,000",DE,2772.0,4.0,2.0,1.0,Y,2.0,2008.0,0.1502,"6,542",,,,,,,,,,,,,,,,,15.0,,,,264-59-072,0,,Datashare MLSListings,https://beyondre.marketing/1020-Cherry-Avenue,,,01046971,,,,RESIDENTIAL,,5/23/2023,,,,,,,"Easy to Show Text Valerie Mein 408-891-1332 Disclosures Available valmein@gmail.com Offers Must Include Signed Disclosures,POF,PreApproval,Selling Agent AVID,CAR Contract Please. Mudroom & Separate Laundry Room w/Folding Station,LG Washer & Dryer,.2 A/CUnits,Nest Thermostat.Upgrades:Home Theatre Upgrade powering in-home media and sound (home theatre, ceiling, side porch, & patio speakers),Custom floor to ceiling Garage Shelving,Garage Pool Table, Garage Sony 70 4K Flatscreen TV, Custom Window Shades by Finishing Touch Interiors, Custom Closets in bedrooms,Hot Spring Spa,Landscaping (Backyard, Spa Pad, Driveway) by Ascent Landscaping & Design, Iron Driveway,Gate, and Spa Panel by Brian's Welding,New Central Air Conditioner on Second Story,External Stain by Pride Painting,Custom Master BR Blackout Shades by Smith+Noble,New interior painting including cabinetry,New subway tile in kitchen backsplash and fireplace surround,New landscaping,New lighting,New kitchen faucet w/sprayer",Santa Clara,Willow Street,12,13,13,,,,San Jose Unified,,,,,,1020 Cherry AVE,6085.0,1.0,,,,4/24/2023,,San Jose Unified,No,,,,,,5/25/2023,Conventional,4/11/2023 5:00 PM,"$1,172",01216634,4/12/2023,valmein@gmail.com,,,Full Service,Excl Right,Market Listing,,,,,,,,Vacant,4/24/2023,,,,,,,,,"$3,350,000",,4/24/2023,,,Public,50,,No,,,"$3,125,000",,"$1,127.34",Valerie Mein,408-891-1332,,81924378.0,"Price Improvement.Willow Glen Stunner,Sought After Cherry Ave, Custom Craftsman Built By Craig Rogers, 4 Bedrooms, 2.5 Bathrooms, 2,772 sq.ft., Wrap Around Porch w/Tongue & Groove Detail 498 sf, Over-Sized Detached Finished 2-Car Garage 456 sq.ft. Multi use Home Gym/entertainment ,Steps to Downtown Willow Glen's Lincoln Ave. Shops&Restaurants!New Interior Paint, Formal Entry w/Designer Chandelier,Gleaming Hardwood Floors Throughout!Formal Living Room w/Tray Ceiling,Picture Windows&Custom Shades.Formal Dining Room w/Double Pocket Doors&Designer Chandelier.Chef's Kitchen w/New Subway Tile Backsplash,New Kitchen Faucet.Island w/Seating Area,Wolf Gas Cooktop,Double Oven,Subzero Fridge,Subzero Wine Fridge,KitchenAid Dishwasher,Exposed Beam Ceiling,Shaw's Farmhouse Apron Sink.Great Room w/New Tile Surround on Fireplace.Primary Bedroom w/Vaulted Ceiling,Primary Bath w/Custom Sink,Walk-In Shower,Deep Soaking Tub.Professionally Landscaped Front&Backyard w/Lush Lawn,Masonry Brick Patio&Walkway",,,"$1,127",,,,For Sale,,,,"$1,127.34",,,CA,5/25/2023,Two Story,,,,,,,https://beyondre.marketing/1020-Cherry-Avenue/idx,,,5/26/2023,Yes,Yes,Yes,Yes,,,,,95125,R1
ML81976005,SLD,5,1067 Camino Pablo,,SAN JOSE,9999,"$1,782,000","$1,865,000",DE,1298.0,2.0,1.0,,Y,2.0,1939.0,0.150000,"6,534",,,,,,,,,,,,,,,,,85.0,,,,264-60-051,0,,Datashare MLSListings,,,,1216634.0,,,Yes,RESIDENTIAL,,9/17/2024,,,,,,,"EZ TO SHOW - CURRENTLY VACANT - GO DIRECT - LB IS ON FRONT DOOR BEHIND SCREEN DR. TRUSTEE WILL BE AVAILABLE TO REVIEW OFFERS IMMEDIATELY - PROPERTY BEING SOLD IN AS-IS CONDITION - NO ONE PASSED AWAY AT PROPERTY WITHIN 20 YEARS - USE CAR CONTRACT WITH TRUST ADVISORY - OLD REPUBLIC TITLE. NO COURT CONFIRMATION REQUIRED. For Disclosures, Inspections and Reports Please use Link: https://app.skyslope.com/BundleView.aspx?k=39d8bc3a-de07-4a82-8a76-a1001e1fd214",Santa Clara,Willow St.,5,5,5,,,,San Jose Unified,,,,,,1067 Camino Pablo,6085.0,,,,,8/13/2024,,San Jose Unified,No,,,,,,9/17/2024,Conventional,8/8/2024 6:21 AM,"$1,372",00572997,8/8/2024,bbruno@interorealestate.com,,,Full Service,Excl Right,Market Listing,,,,,,,,Vacant,8/13/2024,,,,,,,,,"$1,782,000",,8/13/2024,,,Public,19,,,,,"$1,865,000",,"$1,436.83",,,,81976005.0,"TRUSTEE ESTATE SALE - TRUSTEE HAS PRICED FOR IMMEDIATE SALE - PROPERTY IS IN ORIGINAL TIME ERA CONDITION - HOWEVER, VERY WELL MAINTAINED AND SHOWS SPACIOUS AND BRIGHT - ORIGINAL HARDWOOD FLOORS, FIREPLACE AND DINING ROOM - LOCATED IN PREMIUM WILLOW GLEN ON A WELL MAINTAINED WELCOMING STREET.",,,"$1,436",,,,For Sale,,"Go Directly,Lockbox - Supra iBox Bluetooth LE",,"$1,436.83",,,CA,9/17/2024,One Story,,,,,,,,,,9/18/2024,Yes,Yes,Yes,Yes,,,,,95125,R1-8
ML81903771,SLD,143,78 Lester Avenue,,SAN JOSE,9999,"$1,399,000","$1,450,000",DE,946.0,2.0,2.0,0.0,Y,2.0,1949.0,0.148700,"6,477",,,,,,,,,,,,,,,,,73.0,,,,264-57-060,0,,Datashare MLSListings,https://vimeo.com/743232711,,,01877208,,,Yes,RESIDENTIAL,,3/9/2023,,,,,,,"Home is larger than county records. Bonus room attached to house is unpermitted. Office attached to garage is permitted. BY APPOINTMENT ONLY with 24 hrs notice, please text Nikki Lucero 408-476-9983 to schedule. Please note. Ring exterior cameras with audio on property. PLEASE BE CAREFUL OF BEE'S IN BACK YARD BEHIND GARAGE/OFFICE. Inspections on Disclosure.io, see link below. Seller may possibly need a 30 day rent back. Agents do not represent or guarantee accuracy of the square footage, permitted or unpermitted space. Buyer to verify square footage. Discounted Financing available through Network Financial Group.",Santa Clara,Carolyn/Lincoln,143,144,144,,,,San Jose Unified,,,,,,78 Lester AVE,6085.0,,,,,1/27/2023,,San Jose Unified,No,,,,,,3/10/2023,Conventional,8/24/2022 5:00 PM,"$1,478",02015024,8/25/2022,nikkiglucero@gmail.com,,,Full Service,Excl Right,Market Listing,,,,,,,,Owner,2/8/2023,,,,,,,,,"$1,399,999",,1/27/2023,,,Public,29,,No,,,"$1,450,000",,"$1,532.77",Nikki Lucero,408-476-9983,,81903771.0,"Beautiful & charming Willow Glen home minutes from Downtown does not disappoint & is full of potential, fulfilling a buyers dream. The home includes a welcoming front porch, bay windows, updated kitchen & large bonus room that could serve as a bedroom or family room w/ a combined full bathroom & utility room. In post-Covid times, there is a beautifully functional home office & high-speed internet w/ its own private entrance from the spacious backyard w/ outdoor sitting areas. The large two car garage can serve a number of uses, such as game room, home theater, or workshop as there is ample parking in the tandem 3 car driveway. Want extra income? These days, ADUs are gold. With R-2 zoning, there is potential for converting the garage/office space into an ADU for family or rental income. Willow Glen is well known for amazing neighborhood holiday traditions and this holiday season will be no exception. You'll find your very own snowman in the garage just waiting to be displayed.",,,"$1,532",,,,For Sale,,,,"$1,532.77",,,CA,3/10/2023,One Story,,,,,,,https://vimeo.com/743232740,,,3/12/2023,Yes,Yes,Yes,Yes,,,,,95125,R2
ML81920248,SLD,0,1197 Glenn Avenue,,SAN JOSE,9999,"$2,100,000","$2,025,000",DE,1894.0,3.0,1.0,1.0,Y,1.0,1928.0,0.146200,"6,369",,,,,,,,,,,,,,,,,95.0,,,,429-09-049,0,,Datashare MLSListings,,,,01216634,,,Yes,RESIDENTIAL,,3/2/2023,,,,,,,,Santa Clara,Britton,0,0,0,,,,San Jose Unified,,,,,,1197 Glenn AVE,6085.0,,,,,3/1/2023,,San Jose Unified,No,,,,,,3/2/2023,Conventional,3/1/2023 6:04 AM,"$1,108",01361313,3/1/2023,m.swenson@ggsir.com,,,,Excl Right,Market Listing,,,,,,,,Owner,3/1/2023,,,,,,,,,"$2,100,000",,3/1/2023,,,Public,1,,No,,,"$2,025,000",,"$1,069.17",,,,81920248.0,"Iconic 1920's Spanish Craftsman in prime Willow Glen location. A spacious and stunning property with incredible period details meticulously preserved. Many modern upgrades created with precise attention to the Craftsman elements. This home is a personal favorite as expressed by the phenomenal neighbors. Gleaming solid hardwood floors, 9-foot ceilings, Batchelder tile fireplace, original style pushbutton light switches, lighting fixtures, a large basement, & solid unpainted gumwood moldings, windows, doors and trim throughout. Huge windows and 2 skylights make this warm home bright and welcoming. Gourmet cook's kitchen includes custom cherry shaker cabinets, Viking gas range with grill, walk-in pantry, stone countertops, large farmhouse sink, and a work desk. Plenty of space in the yard to add a master bath to create a master suite without losing the Zen-like atmosphere of the garden. Featured on the cover of Touring Willow Glen and just 1600 feet from Lincoln Ave shops and dining!",,,"$1,069",,,,For Sale,,,,"$1,069.17",,,CA,3/2/2023,One Story,,,,,,,,,,3/3/2023,Yes,Yes,Yes,Yes,,,,,95125,R1-8
ML81901715,SLD,112,1049 Glen Echo Avenue,,SAN JOSE,9999,"$2,388,888","$2,300,000",DE,3172.0,4.0,3.0,1.0,Y,2.0,1948.0,0.1386,"6,039",,,,,,,,,,,,,,,,,74.0,,,,264-61-042,0,,Datashare MLSListings,https://my.matterport.com/show/?m=M7JyJGdUEVa,,,1763994.0,,,Yes,RESIDENTIAL,,3/1/2023,,,,,,,"New price. Show and sell! Vacant and Staged. Executor trustees selling their childhood home. Both live out of area. CAR contract is preferred. Re: Offers- to provide POF, Allow for 48 hour response time, Pre-approval letter, and a signed disclosure package. Offers to be presented as received. Copy and paste disclosures link to browser https://app.disclosures.io/link/1049-Glen-Echo-Avenue-zzn43lo4 .",Santa Clara,Willow Ave.,112,113,113,,,,San Jose Unified,,,,,,1049 Glen Echo AVE,6085.0,,,,24601,1/9/2023,,San Jose Unified,No,,,,,,3/1/2023,Conventional,9/18/2022 5:00 PM,$753,01391078,9/19/2022,robert.garcia@redfin.com,,,Full Service,Excl Right,Market Listing,,,,,,,,Vacant,1/9/2023,,,,,,,,,"$2,788,888",,1/9/2023,,,Public,30,No,Private,,,"$2,300,000",,$725.09,,,,81901715.0,"Welcome to 1049 Glen Echo Ave! Nestled in the heart of Willow Glen, Elegance abounds at this beautiful and stately home. Traditional in style, it is a perfect blend of sophistication and function. Fresh modern colors, gleaming hardwood and tile floors, recessed lighting and crown molding enhance the layout creating a welcoming, light-filled environment. The formal living room and dining room are ideal for entertaining and hosting special occasions. The gourmet kitchen opens to the family room creating a great room feeling ideal for day to day living. The Master bedroom suite is both luxurious and grand with a spa-like bathroom and walk in closet. Gleaming pool and spa presents a lovely destination for outdoor enjoyment. Enjoy the holiday festivities on this sought after pristine tree-lined street. Conveniently to nearby schools, shopping, parks, trails and commuter routes. Close proximity to historic Lincoln ave. for Willow Glen restaurants & boutiques, Bramhall Park, schools & more!",,,$725,,,,For Sale,,,,$725.09,,,CA,3/1/2023,Two Story,,,,,,,https://my.matterport.com/show/?m=M7JyJGdUEVa&mls=1,,,3/2/2023,Yes,Yes,Yes,Yes,,,,,95125,R1-8
ML81959609,SLD,9,1347 Glenwood Avenue,,SAN JOSE,9999,"$2,199,000","$2,400,000",DE,1959.0,3.0,2.0,,Y,1.0,1930.0,0.1179,"5,135",,,,,,,,,,,,,,,,,94.0,,,,429-35-008,0,,Datashare MLSListings,https://www.tourfactory.com/3137968,,,02124854,,,Yes,RESIDENTIAL,,5/15/2024,,,,,,,"NOTE: The following is included in sale. Please make sure you put them in the contract so I don't have to counter you: Backyard/side and front yards: All potted plants, BBQ, all hanging art except the clay goat (Don't let the buyers get the sellers' goat!), the refrigerator and cabinets in the garage, the bookcase/desks in the third bedroom, the bookcase in the living room, the mobile island/cutting board in the kitchen, the refrigerator in the kitchen and the washer and dryer. Offers, if any, due on Wednesday, April 10th by noon. Check back here often for updates. Disclosures: https://app.glide.com/share/5sIHs1FYN7nLfz0X3dqAMT/ NOTE: IT LOOKS LIKE I WILL BE WRITING AN OFFER, AS WELL. PLEASE DON'T DISCLOSE ANY INFORMATION ABOUT YOUR OFFER AND EMAIL YOUR OFFER TO MY MANAGER KELLY GONI AT KELLY.GONI@SERENO.COM. Thanks.",Santa Clara,Cherry Avenue,9,10,10,,,,San Jose Unified,,,,,,1347 Glenwood AVE,6085.0,1.0,,,,4/11/2024,,San Jose Unified,No,,,,,,5/15/2024,Conventional,4/1/2024 5:00 PM,"$1,122",00915656,4/2/2024,patrick@sereno.com,,,Full Service,Excl Right,Market Listing,,,,,,,,Owner,4/11/2024,,,,,,,,,"$2,199,000",,4/11/2024,,,Public,51,No,No,,,"$2,400,000",,"$1,225.11",Bill & Terry Krivan,408-888-9285,,81959609.0,"Nestled on a quaint tree-lined street near downtown Willow Glen, this home seamlessly blends vintage charm with modern updates. Its Spanish-style architecture, complete with an old-world tile roof, exudes timeless elegance. Inside, warm hardwood floors lead to a living room boasting a classic fireplace and abundant natural light from many windows. The spacious dining room is perfect for formal gatherings. The updated kitchen features limestone countertops and Cherrywood cabinets, while French doors in the breakfast nook open to a manicured backyard. The basement offers versatility, and built-in speakers add ambiance throughout. The primary suite is a serene retreat with French doors, while a third bedroom doubles as a well-appointed office. Outside, the backyard oasis awaits with flowering plants, brick accents, and a natural gas BBQ. This home offers a vintage feel with all the comforts of modern living in an unbeatable location.",,,"$1,225",,,,For Sale,,Call Owner,,"$1,225.11",,,CA,5/15/2024,One Story,,,,,,,https://www.tourfactory.com/idxr3137968,,,5/17/2024,Yes,Yes,Yes,Yes,,,,,95125,R1-8
ML81959818,SLD,7,1302 Mildred Avenue,,SAN JOSE,9999,"$2,995,000","$3,500,000",DE,2880.0,4.0,3.0,,Y,2.0,2007.0,0.15,"6,534",,,,,,,,,,,,,,,,,17.0,,,,429-34-059,0,,Datashare MLSListings,https://player.vimeo.com/video/931152486,,,02111080,,,,RESIDENTIAL,,5/13/2024,,,tammyh@intero.com,,,,"To Show Contact Valerie Mein 408-891-1332,OFFERS DUE WED 4/10 BY 6PM ALLOW 24 HRS to RESPOND.Disclosures Email valmein@gmail.com Include Signed Disclosures, Proof of Funds, Pre-Approval Letter, Selling Agent AVID, CAR Contract.The basement in the house was built in 2007 it is permitted fully permitted.person who had it built did not want to include the basement SF as living space for tax purposes but everything meets code.. New Door Knobs & Hinges for All Interior Doors, New Door Handles & Locks for Exterior Doors, Installed Home Office Shelves,Installed Furnace Upstairs,New Mail Slot & New Doorbell,Added HVAC Unit in , Basement,Replaced Side Fence, New Exterior Lighting,Added Interior Can Lights, New Stone Tile on Living Room Fireplace,Enjoy 3 Fireplaces Throughout the Home.Custom Millwork,Crown Molding,Plantation Shutters,Multiple French Doors, Built-In Speaker.Over the top seller updates.Recessed Lights. Two Nest Thermostats.Walk to Schools & Park. Close to Downtown Willow Glen!",Santa Clara,Lupton Avenue,7,8,8,,,,San Jose Unified,,,,,,1302 Mildred AVE,6085.0,3.0,,,,4/11/2024,,San Jose Unified,No,,,,,,5/13/2024,Conventional,4/3/2024 5:00 PM,"$1,039",01216634,4/4/2024,valmein@gmail.com,,,Full Service,Excl Right,Market Listing,,,,,,,,Owner,4/11/2024,,,,,,,,,"$2,995,000",,4/11/2024,,,Public,56,,No,,,"$3,500,000",,"$1,215.28",Valerie Mein,408-891-1332,,81959818.0,"Gorgeous 2023 Remodeled Colonial in Prime Willow Glen Location, 2,880 sq.ft. Plus 880 sq.ft.finished basement w/Egress ,9ft Ceilings,New Heating/AC featuring giant living area,Au pair quarter or Game Room, Solar Panels, 2-Car Garage w/Automatic Privacy Gate,EV Car Charger, New landscape, Stroll Through Willow Glen's Most Coveted Streets on Your Way to Downtown Willow Glen's Lincoln Avenue Shops&Restaurants!Desirable Floor Plan with Bedroom & Full Bathroom on Main Level! Breathtaking Sweeping Staircase,High Ceilings, New Light Fixtures, Gourmet Chef's Kitchen with Center Island,Top of the Line Appliances, Island Seating Opens Up to Great Room w/Plenty of Natural Light!Well Appointed Formal Rooms&High-End Luxurious Upgrades Throughout!Primary Bedroom w/Gas Fireplace&Spacious Balcony.Remodeled Primary Bathroom wi/Programmable Heated Floors,Deep Soaking Tub&Walk-In Closet.Seller Upgrades Include New Exterior&Interior Paint,Remodeled Laundry Room w/New Electrolux Washer & Dryer plusFolding Station,Remodeled Downstairs Bathroom,Remodeled Kitchen w/Wolf Range, Subzero Fridge,KitchenAid Microwave,Bosch Dishwasher, Added Custom Built-Ins at the Dining Area including Hidden U-Line Wine Fridge,Remodeled Upstairs Guest Bathroom,Professionally Landscaped Backyard is Perfect to Entertain!A/C!",,,"$1,215",,,,For Sale,,"Appointment Only,Call Listing Agent",,"$1,215.28",,,CA,5/13/2024,Two Story,,,,,,,https://player.vimeo.com/video/931152487,,,5/15/2024,Yes,Yes,Yes,Yes,,,,,95125,R1-8
ML81949097,SLD,58,1409 Richards Avenue,,SAN JOSE,9999,"$3,399,950","$3,000,000",DE,3357.0,4.0,4.0,,Y,2.0,2023.0,0.125,"5,445",,,,,,,,,,,,,,,,,0.0,,,,429-39-004,0,,Datashare MLSListings,https://tours.tourfactory.com/tours/tour.asp?t=3127387,,,01382971,,,Yes,RESIDENTIAL,,5/1/2024,,,,,,,"Disclosures: https://app.glide.com/share/5YF062NttsYmkUQvAdi9p9/ Patrick & Monica Farnsworth have a financial interest in 1409 Richards Avenue, LLC. Call Patrick for more information.",Santa Clara,Hicks Avenue,58,59,59,,,,San Jose Unified,,,,,,1409 Richards AVE,6085.0,1.0,,,,3/29/2024,,San Jose Unified,No,,,,,,5/1/2024,Conventional,1/30/2024 4:00 PM,"$1,012",00915656,1/31/2024,patrick@sereno.com,,,Full Service,Excl Right,Market Listing,,,,,,,,Vacant,3/29/2024,,,,,,,,,"$3,399,950",,3/29/2024,,,Public,57,No,No,,,"$3,000,000",,$893.66,,,,81949097.0,"Serenely nestled in Willow Glen, this refined residence epitomizes modern luxury. This masterpiece was designed by Robin McCarthy of ARCH Studio, Inc and carefully constructed by Brooke Shaw. A formal entry and dramatic high ceilings create an airy ambiance throughout. The grand room seamlessly integrates formal dining, a cozy family area, and a chef's kitchen with high-end appliances and a large island. Hardwood floors and natural stone accents exude timeless elegance. Downstairs, a full basement offers versatility with a full bath and a separate bedroom/office/workout room. Ascend to the upper level to find the large primary bedroom, flooded with natural light and offering views of lush greenery. Outside, a majestic redwood tree graces the manicured landscape. Enjoy the convenience of downtown Willow Glen's fine dining and boutique shops just moments away. This home presents a rare opportunity to experience the height of suburban living in one of Silicon Valley's most coveted neighborhoods.",,,$893,,,,For Sale,,Lockbox - Supra iBox Bluetooth LE,,$893.66,,,CA,5/1/2024,Three or More Stories,,,,,,,https://tours.tourfactory.com/tours/tour.asp?idx=1&t=3127387,,,5/2/2024,Yes,Yes,Yes,Yes,,,,,95125,r1-8
41065798,SLD,14,1691 Lupton,,SAN JOSE,9999,"$1,888,888","$1,925,000",DE,1434.0,3.0,2.0,0.0,Y,2.0,1985.0,0.13,"5,662",,,"Andrew T Nguyen - 415-425-2824 - Discover the epitome of Willow Glen! Built in 1985 with a generous and thoughtful 1,434 sqft floorplan, this meticulously maintained home features 3 bedrooms and 2 bathrooms, an attached 2 car garage, and a tranquil backyard haven. Inside, you'll find an open living space with hardwood floors and abundant natural light. Classic louvered window coverings blend timeless elegance with functional design. An updated kitchen featuring quartz countertops, high end stainless steel appliances, and ample cabinet space are ready to efficiently and expertly host your dinner parties. A primary bedroom retreat is complete with an ensuite bathroom for maximum convenience and comfort. Step out back and find yourself in your own private backyard oasis, filled with a manicured yard with lush greenery, luxury fountain, and patio with motorized awning. Pride of ownership is exemplified by the abundance of mature fruit trees. This home is ready for the long haul, evidenced by the Hardie Plank cement board siding and Presidential composition roof, effortlessly complimenting the lush tree lined streets of Lupton Ave. Just a stone's throw away from downtown Willow Glen, 1691 Lupton is conveniently located in the heart of one of San Jose's most coveted neighborhoods. See more at 1691Lupton.com.",,,,,,,,,,,,,No,39.0,No,,No,429-34-055,0,,Bridge AOR,https://my.matterport.com/show/?m=pimbNa52ehF,https://www.1691lupton.com/,,00712238,01354442,,Yes,RESIDENTIAL,,8/13/2024,,,,,,,"Go and Show! See reports and disclosures at: https://app.disclosures.io/link/1691-Lupton-Avenue-tvb7q6nu. Offers to be reviewed as received. Submit offers through disclosures.io. Please provide disclosures cover sheet, CAR RPA, preapproval, proof of funds, and contingency removal (if applicable). Seller reserves the right to accept preemptive offer. Square footage not verified or guaranteed. Buyer to verify permit status. Pre-escrow with Karen Tam at ORTC in Berkeley. Email or call listing agent with questions.",Santa Clara,Pine Ave,14,14,14,Pine or Minnesota to Lupton,,WILLOW GLEN,,,,,,,,6085.0,0.0,,,,7/23/2024,,,No,,,,,,8/13/2024,Conventional,7/9/2024 2:51 PM,"$1,317",2125695.0,7/9/2024,,,1479339.0,Full Service,Excl Right,Market Listing,Front door,,,,No,,,Vacant,7/23/2024,,,,,,,41065798,,"$1,888,888",,7/23/2024,,,,52,No,No,,"$1,888,888","$1,925,000",8/13/2024,"$1,342.40",,,Yes,,"Discover the epitome of Willow Glen! Built in 1985 with a generous and thoughtful 1,434 sqft floorplan, this meticulously maintained home features 3 bedrooms and 2 bathrooms, an attached 2 car garage, and a tranquil backyard haven. Inside, you'll find an open living space with hardwood floors and abundant natural light. Classic louvered window coverings blend timeless elegance with functional design. An updated kitchen featuring quartz countertops, high end stainless steel appliances, and ample cabinet space are ready to efficiently and expertly host your dinner parties. A primary bedroom retreat is complete with an ensuite bathroom for maximum convenience and comfort. Step out back and find yourself in your own private backyard oasis, filled with a manicured yard with lush greenery, luxury fountain, and patio with motorized awning. Pride of ownership is exemplified by the abundance of mature fruit trees. This home is ready for the long haul, evidenced by the Hardie Plank cement board siding and Presidential composition roof, effortlessly complimenting the lush tree lined streets of Lupton Ave. Just a stone's throw away from downtown Willow Glen, 1691 Lupton is conveniently located in the heart of one of San Jose's most coveted neighborhoods. See more at 1691Lupton.com.",,6.0,"$1,342",,102.0,102.0,For Sale,,,,"$1,342.40",Public Records,,CA,8/13/2024,One Story,,,Yes,,,,https://my.matterport.com/show/?m=pimbNa52ehF,https://www.1691lupton.com/,,8/14/2024,Yes,Yes,Yes,Yes,,1691.0,,Lupton,95125,R1-8
ML81948062,SLD,13,1540 Minnesota Avenue,,SAN JOSE,9999,"$1,295,000","$1,300,000",DE,1418.0,3.0,1.0,,Y,1.0,1939.0,0.130000,"5,663",,,,,,,,,,,,,,,,,84.0,,,,429-50-080,0,,Datashare MLSListings,,,,01274292,,,Yes,RESIDENTIAL,,12/18/2023,,,,,,,One of two homes/parcels for sale in adjacent lots. This is the Main House. Home is in almost the original condition with some updating but still needs a full remodel. Owner hopes to sell both homes in one escrow. Please see other listing on 1538 Minnesota Ave. Appointment only!! Tenant occupied for 30 years! DO NOT DISTURB Occupants. Call LA for instructions.,Santa Clara,Meridian,13,13,13,,,,Campbell Unified School District,,,,,,1540 Minnesota AVE,6085.0,1.0,,,,11/29/2023,,Campbell Unified School District,No,,,,,,12/19/2023,Conventional,11/16/2023 12:54 AM,$913,1134919.0,11/16/2023,alan.aoyama@kw.com,,,,Excl Right,Market Listing,,,,,,,,Tenant,11/29/2023,,,,,,,,,"$1,295,000",,11/29/2023,,,Public,12,,No,,,"$1,300,000",,$916.78,Call LA 408-621-3646,408-621-3646,,81948062.0,Main house of 2 lots in front of 1538 Minnesota. Original house with some updates and lots of potential. Oversized rooms and hallways. A dream remodel in a great area. Many homes in this area are fully restored and more than worth the effort. Please see the additional guest house at 1538 Minnesota to understand the estate potential.,,,$916,,,,For Sale,,Do not disturb Occupants!,,$916.78,,,CA,12/19/2023,One Story,,,,,,,,,,12/21/2023,Yes,Yes,Yes,Yes,,,,,95125,R1-8
ML81947816,SLD,7,1268 Avis Drive,,SAN JOSE,9999,"$1,850,000","$1,820,000",DE,1756.0,4.0,2.0,,Y,2.0,1964.0,0.1587,"6,911",,,,,,,,,,,,,,,,,59.0,,,,264-62-036,0,,Datashare MLSListings,https://youtu.be/lYSpKwgufbs,,,01955048,,,Yes,RESIDENTIAL,,12/6/2023,,,estherzhang@kw.com,,,,"Please call or Text George Montanari 408-497-2213 for more information. Disclosures https://app.disclosures.io/link/1268-Avis-Drive-b7v0miuy - Contact Jennifer at Jennifer.White@Compass.com if trouble downloading/accessing. Please allow 3 days for offer response. Probate sale. Read Instructions on HLM. Include Addendum 1 to be made part of Purchase Agreement. Owner passed away two years ago on September 5, 2021 surrounded by her family. She lived a long and happy life. For more photos and floorplans http://www.1268avisdr.com",Santa Clara,Twin Brook Drive,7,7,7,,,,San Jose Unified,,,,,,1268 Avis DR,6085.0,1.0,,,,11/20/2023,,San Jose Unified,No,,,,,,12/6/2023,Cash,11/13/2023 3:56 AM,"$1,053",780027.0,11/13/2023,george@compass.com,,,,,Market Listing,,,,,,,,Vacant,11/20/2023,,,,,,,,,"$1,850,000",,11/20/2023,,,Public,29,,No,,,"$1,820,000",,"$1,036.45",,,,81947816.0,"Welcome to this stunning updated home in the desirable Willow Glen neighborhood. Situated on a tree-lined street, this home offers a peaceful retreat with no back neighbors and a picturesque view of the Los Gatos Creek. Step inside and be greeted by an abundance of natural light that fills the spacious living area through large picture windows. The living room features a cozy fireplace and four nearly floor-to-ceiling windows that showcase the breathtaking views of the backyard grounds. Imagine relaxing in this serene space, surrounded by lush greenery and the soothing sounds of nature. This layout is perfect for entertaining guests or enjoying family gatherings. . Step outside into the private backyard and discover the true beauty of this home. The expansive deck is an ideal setting for hosting outdoor gatherings or simply enjoying a peaceful evening under the stars. With no back neighbors, you'll experience a sense of tranquility and privacy, as if living in the countryside.",,,"$1,036",,,,For Sale,,,,"$1,036.45",,,CA,12/6/2023,One Story,,,,,,,https://youtu.be/4PP1mQxOgvE,,,12/8/2023,Yes,Yes,Yes,Yes,,,,,95126,R1-8
ML81966562,SLD,9,966 Twin Brook Drive,,SAN JOSE,9999,"$1,699,000","$1,800,000",DE,1488.0,3.0,2.0,,Y,2.0,1964.0,0.130000,"5,663",,,,,,,,,,,,,,,,,60.0,,,,264-62-056,0,,Datashare MLSListings,http://www.966twinbrookdr.com,,,01754609,,,Yes,RESIDENTIAL,,6/26/2024,,,,,,,"Simply text Geoff at 408.761.7307 and then Go Direct * Submit offers through Disclosures.io * CAR forms preferred and include pre-approval, POF & signed disclosures * Disclosures @ https://app.disclosures.io/link/966-Twin-Brook-Drive-yjo87n0m",Santa Clara,Cherry Ave,9,9,9,,,,San Jose Unified,,,,,,966 Twin Brook DR,6085.0,1.0,,,,5/30/2024,,San Jose Unified,No,,,,,,6/26/2024,Conventional,5/21/2024 1:57 AM,"$1,141",1363342,5/21/2024,geoff.hollands@cbnorcal.com,,,,Excl Right,Market Listing,,,,,,,,Vacant,5/30/2024,,,,,,,,,"$1,699,000",,5/30/2024,,,Private,39,,No,,,"$1,800,000",,"$1,209.68",Listing Agent,408-761-7307,,81966562.0,"Tucked away in a quiet pocket of highly sought-after North Willow Glen, this enchanting 3-Bedroom home boasts stunning curb appeal. The street is lined with trees and is located just minutes to downtown WG. Featuring extensive upgrades throughout, including gleaming hardwood floors. Large Living Room showcases a refaced fireplace with gas insert, Andersen slider, and built-in cabinet with desk. The renovated Kitchen is equipped with a farmhouse sink, contemporary oak cabinets, granite countertop & backsplash, double oven, gas stove, tile floors and ample counter space. The open-beam Formal Dining Room can also double as a Family Room or Office. The generously sized bedrooms and updated bathrooms add to the home's charm. Additional features include indoor laundry room, easy maintenance artificial grass in front yard, air conditioning, recessed lights, dual pane windows, copper plumbing, crown molding/ baseboards, sun tunnels, ceiling fan, composition roof. Tranquil backyard setting with covered patio, brand new grass, a lovely Persimmon tree, garden bed, and an array of flowers and drought resistant plants. Easy commute access to 280, 87, 101 Freeways. Close to restaurants, shopping and conveniences. This home is zoned for Willow Glen Schools. DISCOVER THIS SECRET TREASURE!",,,"$1,209",,,,For Sale,,"Call Listing Agent,Go Directly,Leave Card,Lockbox - Supra iBox Bluetooth LE",,"$1,209.68",,,CA,6/26/2024,One Story,,,,,,,,,,6/28/2024,Yes,Yes,Yes,Yes,,,,,95126,R1-8
ML81969303,SLD,10,1676 Hicks Avenue,,SAN JOSE,9999,"$1,399,000","$1,450,000",DE,1160.0,2.0,1.0,,Y,2.0,1947.0,0.13,"5,663",,,,,,,,Workshop/room,,,,,,,,Yes,77.0,,,,429-36-020,0,,Datashare MLSListings,,,,01221015,,,Yes,RESIDENTIAL,,7/10/2024,,,,,,,"Agents, go direct! This fixer upper is staged and cute as a button! So much potential. This is a trust sale - the 109 year old owner passed away peacefully in the home in 2003. Disclosures: https://app.disclosures.io/link/1676-Hicks-Avenue-tz8zau2u",Santa Clara,Pine/Hamilton,10,10,10,,,,San Jose Unified,,,,,,1676 Hicks AVE,6085.0,1.0,,,,6/22/2024,,San Jose Unified,No,,,,,,7/10/2024,Conventional,6/12/2024 3:29 AM,"$1,206",1383856,6/12/2024,kirsten.reilly@compass.com,,,Full Service,Excl Right,Market Listing,,,,,,,,Vacant,6/22/2024,,,,,,,,,"$1,399,000",,6/22/2024,,,Public,38,,No,,,"$1,450,000",,"$1,250.00",,,,81969303.0,"What a darling Willow Glen bungalow on beautiful Hicks Avenue! This 2 bed 1 bath residence is full of character, with central AC, hardwood floors, lots of windows, good sized bedrooms and vintage elements you'll want to preserve! Drive through the side gate to the detached 2 car garage and the connected workshop. The sunny yard with its patio and grass is inviting and private. The location is excellent - just down the street to a very nice Safeway Market, close to Wilcox Park, downtown Willow Glen, and positioned in between the elementary, middle and high schools. This cute fixer upper presents and exciting opportunity to add your own stylish touches to the interior, and perhaps even modernize the workshop to expand the livable space of the home!",,,"$1,250",,,,For Sale,,"Go Directly,Lockbox - Supra iBox Bluetooth LE",,"$1,250.00",,,CA,7/10/2024,One Story,,,,,,,,,,7/12/2024,Yes,Yes,Yes,Yes,,,,,95125,R1
ML81940760,SLD,9,1083 Glen Echo Avenue,,SAN JOSE,9999,"$2,088,000","$2,270,000",DE,1725.0,3.0,3.0,,Y,2.0,1949.0,0.136500,"5,947",,,,,,,,,,,,,,,,,74.0,,,,264-61-047,0,,Datashare MLSListings,http://www.1083glenecho.com,,,1421581.0,,,Yes,RESIDENTIAL,,10/10/2023,,,,,,,"Vacant * Staged * Show & Sell * Text/call Lynette at 408-656-9297 or Kraig at 408-219-9122 with any questions. The garage was converted to a casita without permits. The wall separating the casita and storage room can be removed and made back into a garage, if desired. The offer deadline will be set after this weekend's open houses. If you are submitting an offer, please include all signed disclosures, preapproval letter, and proof of funds - See offer instructions in the disclosure package! All offers to be submitted via disclosures.io: https://app.disclosures.io/link/1083-Glen-Echo-Avenue-lor1v5np",Santa Clara,Willow Street,9,9,9,,,,San Jose Unified,,,,,,1083 Glen Echo AVE,6085.0,1.0,,,,9/14/2023,,San Jose Unified,No,,,,,,10/11/2023,Conventional,9/5/2023 3:43 AM,"$1,210",70010257.0,9/5/2023,info@crumconstantino.com,,,Full Service,Excl Right,Market Listing,,,,,,,,Vacant,9/14/2023,,,,,,,,,"$2,088,000",,9/14/2023,,,Public,57,,No,,,"$2,270,000",,"$1,315.94",Lynette Crum,408-656-9297,,81940760.0,"Welcome to 1083 Glen Echo Ave! Situated on a coveted street in Willow Glen, this stunning 3bed/2ba home offers 1,725sqft of living space + a detached casita w/ full bthrm. Inside, the elegance of vibrant flooring throughout, recessed lighting & skylights infuse every corner w/ tons of natural light. A spacious LR boasts a cozy fireplace & a wall of custom built-ins. The adjacent DR flows seamlessly into the gourmet kitchen, featuring quartz counters, SS appls, 6 burner gas stove w/ wall mount pot filler & center island w/ built-in wine fridge. The primary suite is complete w/ a skylight, walk in closet & spa-like bthrm. Two sun filled bdrms overlook the bckyrd, one of which offers an ideal setting for home office. The bckyrd is an extension of the living space & features a cozy patio w/ pergola & outdoor kitchen w/ built in BBQ. Add'l amenities incl. solar, EV charger, water softener & an unfinished basement. Walkable location to restaurants & boutiques, Bramhall Park, schools & more!",,,"$1,315",,,,For Sale,,,,"$1,315.94",,,CA,10/10/2023,One Story,,,,,,,http://www.1083glenecho.com/mls/113317116,,,10/12/2023,Yes,Yes,Yes,Yes,,,,,95125,R1-8
ME223080710,SLD,12,1341 Camino Pablo,,SAN JOSE,9999,"$2,334,950","$2,300,000",DE,2278.0,4.0,2.0,1.0,,2.0,1952.0,0.156400,"6,813",,,"Cheerful and bright home is situated on a corner lot in the heart of Willow Glen. A family home for generations; it's located just a short walk from the quaint Willow Glen village with restaurants, shopping, library, churches and a park. An ideal neighborhood to live, and raise a family. Entertain family and friends in this freshly updated home with two courtyards, one in back and another just outside the kitchen. The large open gourmet kitchen has a large island, stainless steel appliances, granite counters and slate floors. The dining room includes a bar and small gas fireplace. Multiple venues offer a cozy conversation either in the living room with a fireplace or den off the kitchen. First floor includes two bedrooms, a full bath with a clawfoot tub, laundry area and a half bath with a deep sink for that fury family member. Upstairs includes a large primary bedroom, bath, a bedroom/office and library area. Low maintenance manicured yard with automated watering and easy to maintain landscaping. Just perfect for those Spring, Summer and Fall with family and friends. Willow Glen is a walking neighborhood and you can experience walks through the neighborhood, to a nearby park or to",,,0.0,,,,,,,0.00,0,,No,71.0,,,,429-13-032,4,Show,Datashare MetroList,,,,2065486.0,1116414.0,727.00,,RESIDENTIAL,,10/6/2023,,,,,,,Supra Lock box is attached to bench on front porch. Escrow has been opened with Fidelity National Title. Escrow#: FSSE-9012300608. Offers will be reviewed after weekend.,Santa Clara,Glen Dell,12,13,13,Meridan Ave to Willow Street right on Camino Pablo,,,,,,,,,,,2.0,,,,9/19/2023,,,No,,,,,,10/6/2023,Conventional,9/6/2023 5:00 PM,"$1,025",1970251.0,9/7/2023,,,1403018.0,Full Service,Excl Right,Market Listing,,,,1.0,,,,Vacant,9/19/2023,,,,,,,223080710,,"$2,334,950",,9/19/2023,,,,48,,No,,,"$2,300,000",,"$1,009.66",Chuck Townsend,408-489-5709,,560555261.0,"Cheerful and bright home is situated on a corner lot in the heart of Willow Glen. A family home for generations; it's located just a short walk from the quaint Willow Glen village with restaurants, shopping, library, churches and a park. An ideal neighborhood to live, and raise a family. Entertain family and friends in this freshly updated home with two courtyards, one in back and another just outside the kitchen. The large open gourmet kitchen has a large island, stainless steel appliances, granite counters and slate floors. The dining room includes a bar and small gas fireplace. Multiple venues offer a cozy conversation either in the living room with a fireplace or den off the kitchen. First floor includes two bedrooms, a full bath with a clawfoot tub, laundry area and a half bath with a deep sink for that fury family member. Upstairs includes a large primary bedroom, bath, a bedroom/office and library area. Low maintenance manicured yard with automated watering and easy to maintain landscaping. Just perfect for those Spring, Summer and Fall with family and friends. Willow Glen is a walking neighborhood and you can experience walks through the neighborhood, to a nearby park or to downtown for shopping and a bite to eat. Come experience this home for yourself.",,,"$1,009",,98.0,98.0,For Sale,,Leave Card,,"$1,009.66",Assessor Auto-Fill,,CA,10/6/2023,Two Story,,,No,,,0.0,https://youtu.be/tygYu7L7prE?si=Fyf0zLEyMjjUGJj0,,,10/6/2023,Yes,Yes,Yes,Yes,,,,,95125,R1-8
ML81952559,SLD,5,1695 Dale Avenue,,SAN JOSE,9999,"$1,799,000","$1,999,999",DE,1508.0,3.0,2.0,,Y,2.0,1941.0,0.140000,"6,098",,,,,,,,,,,,,,,,,83.0,,,,429-33-064,0,,Datashare MLSListings,https://player.vimeo.com/video/906935091,,,01875950,,,,RESIDENTIAL,,2/27/2024,,,,,,,"To Show TEXT Valerie 408-891-1332Disclosures Email valmein@gmail.com No preemptive offers.OFFERS DUE WEDNESDAY 1/31 BY 3pm .Offers Must Include Signed Disclosure Package,Pre Approval Letter, Proof of Funds, Selling Agent AVID,CAR Contract Please Primary Bedroom featuring New Light Fixture, Gleaming Oak Hardwood Floors and Blinds.Primary Bathroom w/Tile Flooring,Subway Tile Design Walk-in Shower,Glass Shower Door,Built-In Bench Seating, New Sconces and Double Vanity.Guest Bedrooms Boasts Bedroom Modern Light Fixtures,Crown Molding.Guest Bathroom features Pedestal Sink,Tile Design Shower Over Tub, New Light Fixture and Tile Flooring. Laundry Closet w/Whirlpool Washer&Dryer. Finished Basement features Wooden Staircase and Carpet Flooring,Crown Molding Detail&Utility Closet.Serene Backyard Patio w/Lounge Area,New Landscape Lighting,Lush Lawn,New Mulch,New Plants and Flowers&Automatic Sprinklers,Secondary Courtyard Area, Privacy Gate.",Santa Clara,Pine Avenue,5,5,5,,,,San Jose Unified,,,,,,1695 Dale AVE,6085.0,1.0,,,,1/31/2024,,San Jose Unified,No,,,,,,2/27/2024,Conventional,1/26/2024 2:50 AM,"$1,192",1216634,1/26/2024,valmein@gmail.com,,,Full Service,Excl Right,Market Listing,,,,,,,,Call Agent,1/31/2024,,,,,,,,,"$1,799,000",,1/31/2024,,,Public,58,,No,,,"$1,999,999",,"$1,326.26",Valerie Mein,408-891-1332,,81952559.0,"Willow Glen Stunner Boasts Modern Luxurious Finishes Combined with Warm Elements of Classic Willow Glen Character and Charm, 3 Bedrooms, 2 Bathrooms, 1,508 sq.ft. Plus 160 sq.ft. Finished Basement Perfect to Use as a Home Office or Workout Room, 2-Car Garage Detached 418 sq.ft w/Additional Storage Room, 6,098 sq.ft. lot. Seller Upgrades: 2024 New Interior & Exterior Paint,New Interior& Exterior Lighting,New Landscaping and New Solar Landscape Lights, 2023 Whole House Double Reverse Osmosis Water Filtration System,New Copper Piping,New Water Heater, 2022 Epoxy Finish on Garage Floor.Formal Living Room features Cozy Wood Burning Fireplace w/Original Tile Hearth Surround&Mantel,New Sconces,Shades and Drapes,Oak Hardwood Floors,French Doors to Serene Backyard.Formal Dining Room w/New Designer Chandelier&Oak Hardwood Floors. Gourmet Kitchen with Custom Built-In Bench w/Storage,Tile Floors, Quartz Countertops,Farmhouse Sink,New Chandelier Over Breakfast Nook,New Pendant Lights,KitchenAid Dishwasher, KitchenAid Refrigerator,Jenn Air 4-Burner Gas Cooktop,Subway Tile Design Backsplash,Built in Banquet,Arched Wall Design&French Door to Courtyard.Primary Bathroom w/Quartz Countertops,Walk-In Shower w/Subway Tile Design.New Landscaping & Central A/C! Stroll to Downtown Willow Glen!",,,"$1,326",,,,For Sale,,"Appointment Only,Call Listing Agent",,"$1,326.26",,,CA,2/27/2024,One Story,,,,,,,https://player.vimeo.com/video/906935093,,,2/28/2024,Yes,Yes,Yes,Yes,,,,,95125,R1-8
ML81910944,SLD,36,1030 Glen Brook Avenue,,SAN JOSE,9999,"$2,198,000","$1,999,000",DE,2147.0,4.0,2.0,,Y,2.0,1950.0,0.157200,"6,848",,,,,,,,,,,,,,,,,72.0,,,,264-61-023,0,,Datashare MLSListings,https://www.1030glenbrook.com,,,02075910,,,,RESIDENTIAL,,1/4/2023,,,,,,,Show and Sell this gorgeous Willow Glen Beauty. Buyers to verify square footage. Offers as they come. Contact co-listing agents Mark Martinho (650) 346-1595 or Viv Kelvin (650) 291-7241 with questions. Disclosures https://app.disclosures.io/link/1030-Glen-Brook-Avenue-u205ke03,Santa Clara,Glen Echo Ave,36,36,36,,,,San Jose Unified,,,,,,1030 Glen Brook AVE,6085.0,2.0,,,,11/24/2022,,San Jose Unified,No,,,,,,1/5/2023,Conventional,10/19/2022 10:14 AM,"$1,023",01372898,10/19/2022,mark@vabrato.com,,,,Excl Right,Market Listing,,,,,,,,Vacant,11/24/2022,,,,,,,,,"$2,198,000",,11/24/2022,,,Public,45,,No,,,"$1,999,000",,$931.07,,,,81910944.0,"A charming home with plenty of curb appeal, nestled in the Heart of Willow Glen. It's only a half mile from downtown and just a block from Willow Street Park. Enjoy the recently remodeled modern kitchen with high-end appliances and plenty of natural light. Both bathrooms have been recently remodeled with quality finishes. The home comes with an upstairs loft plus a separate private large bed/office/den/music or art room with a fireplace. Hardwood floors and a living room wall of windows overlook the private and lush entertainer's backyard, a covered rear patio with fruit trees, succulents, and a gazebo. Inside laundry/mud room with sink and plenty of cabinets. Andersen dual pane windows and doors, central heating and AC.",,,$931,,,,For Sale,,,,$931.07,,,CA,1/4/2023,Two Story,,,,,,,https://www.1030glenbrook.com/mls/87532916,,,1/6/2023,Yes,Yes,Yes,Yes,,,,,95125,R1-8
ML81974452,SLD,9,1037 Camino Pablo,,SAN JOSE,9999,"$2,250,000","$2,350,000",DE,1736.0,3.0,2.0,,Y,2.0,1939.0,0.1523,"6,634",,,,,,,,,,,,,,,,,85.0,,,,264-60-046,0,,Datashare MLSListings,https://player.vimeo.com/video/990739849,,,02144591,,,,RESIDENTIAL,,8/28/2024,,,,,,,"OFFERS DUE WED 31st by 3PM.POTTED PLANTS DO NOT CONVEY. STAGING. THX. Easy to Show Text Valerie 408-891-1332 Disclosures Available Email valmein@gmail.com NO PRE EMPTIVE OFFERS.Offers Must Include Signed Disclosure Package, Pre Approval Letter, Proof of Funds, Selling Agent AVID, CAR Contract Please. Laundry Room w/LG Washer & Dryer&French Door to Backyard.Guest Bathroom w/Tile Floors.Pedestal Sink Claw Foot Tub, Shower Over Tub with Body Spray Handle,New Light Fixture&Plantation Shutters.Guest Bedrooms with New Light Fixtures & Plantation Shutters and Spacious Closets.Backyard Perfect to Entertain, Brick Patio Boast Dining and Lounge Area, Lush Lawn Area Perfect for Kids to Play! Walk to Bramhall Park, Near Pickleball Courts, Walk to the Table, Copita, Bill's Cafe, Near the Los Gatos Creek Trail, Walk to Schools, Near the Tamien Station Caltrain and Light Rail.",Santa Clara,Willow Street,9,9,9,,,,San Jose Unified,,,,,,1037 Camino Pablo,6085.0,1.0,,,,8/3/2024,,San Jose Unified,No,,,,,,8/28/2024,Conventional,7/25/2024 6:29 AM,"$1,296",1216634.0,7/25/2024,valmein@gmail.com,,,Full Service,Excl Right,Market Listing,,,,,,,,Call Agent,8/3/2024,,,,,,,,,"$2,250,000",,8/3/2024,,,Public,51,,No,,,"$2,350,000",,"$1,353.69",Valerie Mein,408-891-1332,,81974452.0,"Most Coveted Location in Willow Glen, Rare Opportunity, Extensively Remodeled & Full of Character & Charm! 3 Bedrooms, Plus a Den, 2 Full Bathrooms,1,736 sq.ft., 500 sq.ft. Detached 2-Car Garage, 6,634 sq ft lot, Stroll to Downtown Willow Glen's Shops & Restaurants! 2024 Upgrades:New Interior & Exterior Paint,Refinished Hardwood Floors,New Roof,New Kitchen Cabinet Doors,New Kitchen Appliances,New Primary Bathroom Medicine Cabinets,All New Lighting Inside and Out, New French Doors,Primary Bedroom&Dining Room,New Concrete Driveway&Back Porch Steps,New Landscaping,Upgraded Sprinklers,Flowers&Mulch,Reseed & Fertilized Lawn. Formal Living Room w/Refinished Hardwood Floors,Cozy Fireplace&Recessed Lights.Den w/Refinished Hardwood Floors,Wainscoting Design& Built-In Speakers.Gourmet Kitchen w/Crisp White Wood Cabinetry,Quartz Countertops,New Fisher & Paykel Appliances, Elkay Sink,Recessed Lights and Reach In Pantry.Formal Dining Room w/New Designer Chandelier.Luxurious Primary Bedroom w/Huge Walk-In Closet w/Organizer System.Primary Bathroom w/Double Vanity &New Light Fixtures,Walk In Shower with Built in Bench Seating.Professionally Landscaped Backyard with Pergola Over Brick Design Patio, Lush Lawn&New Chandelier.Fully Upgraded Electrical & All Copper Plumbing!",,,"$1,353",,,,For Sale,,Appointment Only,,"$1,353.69",,,CA,8/28/2024,One Story,,,,,,,https://player.vimeo.com/video/990739855,,,8/29/2024,Yes,Yes,Yes,Yes,,,,,95125,R1-8
ML81972441,SLD,9,1330 Glen Eyrie Avenue,,SAN JOSE,9999,"$2,298,888","$2,500,000",DE,1978.0,4.0,3.0,1.0,Y,2.0,1954.0,0.15,"6,534",,,,,,,,,,,,,,,,,70.0,,,,264-61-056,0,,Datashare MLSListings,https://www.tourfactory.com/3159290,,,01138238,,,,RESIDENTIAL,,8/16/2024,,,,,,,"Ratified on 7/18... Vacant. Go direct. Will decide on offer date after first weekend of open houses so please reach out for more details if you have an interested party. PG&E connected new service on 7/13; upgraded the panel from 100 amp to 200 amp. Awaiting final inspection scheduled for 7/19. Home was expanded approximately 500 Square feet. All information deemed reliable but not guaranteed. Buyer to verify all aspects of the property with San Jose Building, Planning and County Assessor including but not limited to structure and lot square footage. Please email offer to brian@dakinrealtor.com or submit through Disclosures I.O. Please include with offer, all signed disclosures, buyers AVID, proof of funds & preapproval. Allow 24-hour response time.",Santa Clara,Willow St,9,9,9,,,,San Jose Unified,,,,,,1330 Glen Eyrie AVE,6085.0,1.0,,,,7/18/2024,,San Jose Unified,No,,,,,,8/16/2024,Conventional,7/9/2024 8:38 AM,"$1,162",2053842.0,7/9/2024,brian@dakinrealtor.com,,,Full Service,Excl Right,Market Listing,,,,,,,,Vacant,7/18/2024,,,,,,,,,"$2,298,888",,7/18/2024,,,Public,27,,No,,,"$2,500,000",,"$1,263.90",Brian Dakin,650-483-5760,,81972441.0,"Welcome home! Stripped down to the studs and completely renovated with added square footage in highly desirable Willow Glen. This home stands out with a fresh look inside and out with new landscaping making it pop with curb appeal. Step inside where you'll find an abundance of space, high ceilings with plenty of natural light gleaming off the new designer flooring. The kitchen boasts sleek quartz countertops, glass-tile backsplash and top of the line appliances. The open floor plan is perfectly suited for large gatherings with lots of room to roam. The primary suite has a walk-in shower with sharp new fixtures & detailed finishes. Close-by are two more bedrooms and a guest bathroom with a shower/tub combo that leaves no detail spared. A fourth bedroom with en-suite bath can be used as a flex space, perfect for guests or envision an office/living room combination. This home is perfect for indoor-outdoor entertaining with large sliders opening out onto a spacious backyard deck. Take a stroll through the friendly confines of this delightful neighborhood, right around the corner is Willow St. Park or head to downtown Willow Glen where you'll find a plethora of quality restaurants, shops & live entertainment. Prime location, short distance to the freeway. 2-car attached garage.",,,"$1,263",,,,For Sale,,"Call Listing Agent,Go Directly,Leave Card,Lockbox - Supra iBox Bluetooth LE",,"$1,263.90",,,CA,8/16/2024,One Story,,,,,,,https://www.tourfactory.com/idxr3159290,,,8/18/2024,Yes,Yes,Yes,Yes,,,,,95125,R1-8
ML81975787,SLD,1,1091 Camino Ricardo,,SAN JOSE,9999,"$2,998,000","$3,150,000",DE,3132.0,4.0,4.0,1.0,Y,2.0,2007.0,0.14,"6,098",,,,,,,,,,,,,,,,,17.0,,,,264-59-080,0,,Datashare MLSListings,https://clout-real-estate-marketing.aryeo.com/videos/01912e66-4655-720e-be7b-b6657aca99eb,,,01376400,,,,RESIDENTIAL,,8/16/2024,,,,,,,"Reach out to Janee with any questions, full disclosure package available",Santa Clara,Willow,1,1,1,,,,San Jose Unified,,,,,,1091 Camino Ricardo,6085.0,3.0,,,,8/8/2024,,San Jose Unified,No,,,,,,8/17/2024,Cash,8/7/2024 1:00 AM,$957,1231719.0,8/7/2024,janee.medved@compass.com,,,,Excl Right,Market Listing,,,,,,,,Call Agent,8/8/2024,,,,,,,,,"$2,998,000",,8/8/2024,,,Private,290,,No,,,"$3,150,000",,"$1,005.75",,,,81975787.0,"Nestled in one of the most sought-after locations in Willow Glen, this authentic Tuscan-inspired home has it all. Situated on a picturesque, tree-lined street in an amazing neighborhood offering the perfect blend of luxurious living and convenient access to town. The home features four spacious bedrooms, each with its own en-suite bathroom! Two of these bedrooms are beautiful Primary suites w/one located on the first level, ideal for guests or those desiring single-level living. The chef's kitchen offers top-of-the-line appliances, a spacious design with large island and an open concept for social gatherings and making meal preparation a delight. The family room space is beautiful with picturesque walls of windows, high ceilings, library inspired entertainment wall with gas fireplace and french doors flowing to the private back garden. Fabulous floor plan for family gatherings or entertaining with ease. The home is also equipped with laundry facilities on both levels, adding to the convenience and ease of daily living. Enjoy a short stroll to town where a variety of fine dining, shopping, farmers market & coffee options await. The vibrant community and charming atmosphere of Willow Glen make this home a perfect haven for those seeking a blend of luxury and a small town lifestyle.",,,"$1,005",,,,For Sale,,"Go Directly,Lockbox - Supra iBox Bluetooth LE",,"$1,005.75",,,CA,8/17/2024,Two Story,,,,,,,https://clout-real-estate-marketing.aryeo.com/videos/01912e67-5b1b-719e-93b9-f1ded2be2d58,,,8/21/2024,Yes,Yes,Yes,Yes,,,,,95125,r1
ML81931018,SLD,7,1042 Carolyn Avenue,,SAN JOSE,9999,"$1,750,000","$1,870,000",DE,1512.0,3.0,2.0,,,0.0,1926.0,0.1267,"5,520",,,,,,,,,,,,,,,,,97.0,,,,264-57-096,0,,Datashare MLSListings,https://player.vimeo.com/video/836952832,,,01982133,,,,RESIDENTIAL,,7/6/2023,,,,,,,"East to Show TEXT Valerie 408-891-1332 Offers by due by noon Thursday the 22nd.Pl..Disclosures Available Email valmein@gmail.com Offers Must Include Signed Disclosures,PreApproval, Proof of Funds, Selling Agent AVID, CAR Contract Please.Dining room chandelier does not convery with property. Please add to your AVID. Guest bedroom One w/Hardwood Floors, custom shades, crown molding and new light fixture.Guest bedroom two w/custom shades, new light fixture crown molding.Laundry Room w/Mud sink, subway tile design backsplash, Stackable Electrolux washer&dryer and tile floors&French door to backyard.Long Driveway with Manual Gate for Extra Privacy,Brick Masonry Design Front Porch with Trellis & Blooming Rose Bushes & Mature Trees. Unfinished Basement for additional storage w/utility room featuring water heater and furnace.Stunning Curb Appeal w/Trellis,Blooming Rose Bushes&Mature Trees",Santa Clara,Willow Street,7,8,8,,,,San Jose Unified,,,,,,1042 Carolyn AVE,6085.0,1.0,,,,6/22/2023,,San Jose Unified,No,,,,,,7/7/2023,Conventional,6/14/2023 5:00 PM,"$1,157",1216634,6/15/2023,valmein@gmail.com,,,Full Service,Excl Right,Market Listing,,,,,,,,Call Agent,6/22/2023,,,,,,,,,"$1,750,000",,6/22/2023,,,Public,60,,No,,,"$1,870,000",,"$1,236.77",Valerie Mein,408-891-1332,,81931018.0,"Charming Remodeled Willow Glen Home, Located on the Highly Coveted Carolyn Avenue, also known as Candy Cane Lane during the Holidays!The neighborhood enjoys block parties and Halloween-themed decorations, creating a lively and festive atmosphere. Just a few blocks away from Lincoln Avenue, where you can find various shops&restaurants&amenities.Parklike backyard w/deck & built-in bench seating.New Roof&Water Heater,New Front Door&Exterior&Interior paint,Light Fixtures,Central A/C, custom shades & hardwood flooring.Formal entry w/hardwood floors & crown molding. Living room w/wood-burning fireplace & built-ins. Spacious dining room w/picture windows. Gourmet chef's kitchen w/granite countertops, tile backsplash & high-end appliances.Guest bathroom w/tile floors & tub.Primary bedroom w/hardwood floors, custom shades & closet organizer system. 2016 Remodeled Primary bathroom w/marble tile floors, subway tile design walk-in shower & Skylight.Unfinished Basement for Extra Storage.",,,"$1,236",,,,For Sale,,,,"$1,236.77",,,CA,7/6/2023,One Story,,,,,,,https://player.vimeo.com/video/836952831,,,7/7/2023,Yes,Yes,Yes,Yes,,,,,95125,R1-8
ML81958137,SLD,7,963 Delbert Way,,SAN JOSE,9999,"$1,699,000","$1,999,000",DE,1441.0,3.0,2.0,,Y,2.0,1955.0,0.1417,"6,171",,,,,,,,,,,,,,,,,69.0,,,,264-02-014,0,,Datashare MLSListings,https://www.963delbert.com/branded,,,01396055,,,,RESIDENTIAL,,4/16/2024,,,georgia.phillips@cbrealty.com,,,,"Call Mary Ann 408-655-4593 to set up showing, fairly easy to show, but sellers are living there! You can go direct Saturday and Sunday, just text me and let me know, Disclosures available. Shows beautifully, neighborhood is very tight knit, they have a neighborhood newsletter and events all year long. Well kept secret of Willow Glen! Please, no pre-emptive offers. Offers are due TUESDAY March 26th at 3pm. Seller would like a rent back until the first half of June (flexible on exact date).",Santa Clara,Fruitvale,7,7,7,,,,San Jose Unified,,,,,,963 Delbert WAY,6085.0,1.0,,,,3/26/2024,,San Jose Unified,No,,,,,,4/17/2024,Conventional,3/19/2024 6:11 AM,"$1,179",01478628,3/19/2024,maryann@sereno.com,,,Full Service,Excl Right,Market Listing,,,,,,,,Owner,3/26/2024,,,,,,,,,"$1,699,000",,3/26/2024,,,Private,53,,No,,,"$1,999,000",,"$1,387.23",call Mary Ann,408-655-4593,,81958137.0,"Welcome to your dream home in the heart of North Willow Glen, San Jose! Boasting three spacious bedrooms plus a versatile office space, along with two beautifully appointed bathrooms, this home is designed to cater to your every need.The open-concept living area seamlessly connects the living room, dining space, and newly renovated kitchen, creating an ideal setting for both relaxation and entertainment.Retreat to the spacious primary suite, complete with a generously sized bedroom, a updated en-suite bathroom, and ample walk-in closet. The dedicated office space off the primary bedroom provides the ideal environment for remote work or creative pursuits, ensuring productivity and inspiration abound.Step outside and notice nestled within this lush landscape, a charming tea house beckons with its inviting allure.Located in the highly desirable North Willow Glen neighborhood this home boasts an impeccable design, this is truly a place you'll be proud to call home. Don't miss out on the opportunity to make this your own slice of paradise in San Jose!This home is zoned for Willow Glen Elementary school and an opportunity to enroll in a lottery for the coveted Spanish Immersion program. Additional features include new dual paned windows, electric car charging, hardwood floors and A/C",,,"$1,387",,,,For Sale,,"Call Listing Agent,Do Not Go Direct,Lockbox - Supra iBox Bluetooth LE",,"$1,387.23",,,CA,4/17/2024,One Story,,,,,,,https://www.963delbert.com/unbranded,,,5/1/2024,Yes,Yes,Yes,Yes,,,,,95126,R1-8
ML81957300,SLD,6,1563 Santa Maria Avenue,,SAN JOSE,9999,"$1,788,800","$1,800,000",DE,1685.0,3.0,1.0,1.0,Y,2.0,1951.0,0.1584,"6,900",,,,,,,,,,,,,,,,,73.0,,,,429-49-068,0,,Datashare MLSListings,https://1563santamariaavenue1809322.f8re.com/,,,01984918,,,Yes,RESIDENTIAL,,4/22/2024,,,,,,,Offers to be seen as presented. Call agent for more details and to set up a showing. Sellers have two dogs that will need to be removed. Seller needs to stay in property until June 15th. Disclosures and reports available now: https://app.glide.com/share/5397ULzJcblbs0hdeZGCas/,Santa Clara,Meridian/DeAnza,6,7,7,,,,Campbell Unified School District,,,,,,1563 Santa Maria AVE,6085.0,2.0,,,,3/20/2024,,Campbell Unified School District,No,,,,,,4/22/2024,Conventional,3/13/2024 5:00 PM,"$1,061",01156361,3/14/2024,ginamarciano@gmail.com,,,Full Service,Excl Right,Market Listing,,,,,,,,Owner,3/20/2024,,,,,,,,,"$1,788,800",,3/20/2024,,,Private,33,,No,,,"$1,800,000",,"$1,068.25",Gina Marciano,408-832-2600,,81957300.0,"Tucked in a quiet Willow Glen neighborhood is this lovely ranch home. Walk into an open floorplan of the living room with woodburning fireplace and dining area flowing right into the kitchen. Updated kitchen with granite counters, stainless appliances, big island with breakfast bar. Updated main bathroom with both a separate tub and shower and freestanding vanity, is nestled between all three bedrooms. Quaint half bathroom is near your step down family room. The 2nd living room has new luxury vinyl flooring, fresh paint and a woodburning fireplace. Here you can enjoy a view and access the rear patio with room for play and entertaining or enjoy the spa/hot tub. . You won't want to miss behind the detached garage another room/shed which can be used for many things, i.e. kids playroom, home office or a studio.",,,"$1,068",,,,For Sale,,"Call Listing Agent,Lockbox - Supra iBox Bluetooth LE,Pets-See Remarks",,"$1,068.25",,,CA,4/22/2024,One Story,,,,,,,https://1563santamariaavenue1809322mls.f8re.com/,,,5/18/2024,Yes,Yes,Yes,Yes,,,,,95125,R1-8
ML81921729,SLD,6,1336 Newport Avenue,,SAN JOSE,9999,"$1,688,000","$1,900,000",DE,1449.0,3.0,2.0,,Y,2.0,1928.0,0.1312,"5,717",,,,,,,,,,,,,,,,,95.0,,,,429-17-062,0,,Datashare MLSListings,https://beyondre.marketing/1336-Newport-Avenue,,,02024390,,,,RESIDENTIAL,,3/30/2023,,,,,,,"Text Valerie 408-891-1332 Disclosures Available valmein@gmail.comOFFERS DUE WEDNESDAY By 4PM. Offers MUST Include Signed Disclosure Package,Proof of Funds,PreApproval Letter,SELLING AGENT AVID,CAR Contract DO NOT SEND OFFER THRU THE LINK .EMAIL PDF's please.THXUpgrades 2023,New Countertops & Tile Floor in Kitchen,New Kitchen Lighting,New Professional Landscaping New Plants,New Flowers,New Mulch,Lush Lawn,Raised Planter Bed w/Drip System.2012 Upgrades Added Primary Bedroom&Primary Bath w/Walk-in Closet,French Door to Patio,Kitchen Remodel Added Peninsula Seating/Storage,Double Convection Oven, Washer/Dryer,NOT INCLUDED. Custom Shutters to Living Room&Front Bedroom,Added Pavers,Seating/Stairs,Irrigation,Plants&Planter Box,Remodeled Guest Bathroom w/HighEnd Fixtures,Removed&Updated Tile on Front Porch,Remodeled Fireplace Mantel,Added Central Heat&Central A/C,Added Door in Floor to Unfinished Hidden Basement,Installed Gate&Fence to Secure Backyard,Attic Access from WalkIn Closet",Santa Clara,Minnesota,6,6,6,,,,San Jose Unified,,,,,,1336 Newport AVE,6085.0,1.0,,,,3/22/2023,,San Jose Unified,No,,,,,,3/30/2023,Cash,3/16/2023 5:31 AM,"$1,164",1216634.0,3/16/2023,valmein@gmail.com,,,Full Service,Excl Right,Market Listing,,,,,,,,Call Agent,3/22/2023,,,,,,,,,"$1,688,000",,3/22/2023,,,Public,54,,No,,,"$1,900,000",,"$1,311.25",Valerie Mein,408-891-1332,,81921729.0,"Remarkable Craftsman on Coveted Newport Avenue in the Heart of Willow Glen,Full of Detail&Endless Character,Boasting Handcrafted Molding,New Interior&Exterior Paint,3 Bedrooms, 2 Full Bathrooms, 1,449 sq.ft. Plus Office 210 sq.ft.Over-Sized Newer 2-Car Detached Garage 441 sq.ft. w/12ft. Ceiling & Unfinished Basement 140 sq.ft., 5,717 sq.ft. lot,Stroll to Downtown Willow Glen's Lincoln Avenue!.Breathtaking Formal Living Room w/Gas Fireplace w/Custom Stone Hearth&Wood Mantel Detail&Surround,Arched Wall&Rich Hardwood Floors,Plantation Shutters&New Designer Light Fixture.Gourmet Kitchen w/New Quartz Countertops,Tile Backsplash 2023,New Tile Floor 2023,S/S Appliances,Elkay Sink,Pendant Lights,Peninsula Seating,Dining Area with Designer Chandelier,Pantry,French Door to Patio.Family Room w/Gleaming Hardwood Floors&French Door to Serene Backyard.Primary Bedroom w/Walk-In Closet.Primary Bath w/Walk-In Shower&Glass Shower Door.Two Guest Bedrooms w/Spacious Closets.Central A/C&Ring Doorbell!",,,"$1,311",,,,For Sale,,,,"$1,311.25",,,CA,3/30/2023,One Story,,,,,,,https://beyondre.marketing/1336-Newport-Avenue/idx,,,5/5/2023,Yes,Yes,Yes,Yes,,,,,95125,R1-8
ML81945446,SLD,8,1201 Willow Street,,SAN JOSE,9999,"$1,599,000","$1,740,000",DE,1573.0,2.0,2.0,,Y,2.0,1934.0,0.149100,"6,495",,,,,,,,,,,,,,,,,89.0,,,,264-59-022,0,,Datashare MLSListings,https://beyondre.marketing/1201-Willow-St,,,00927727,,,,RESIDENTIAL,,11/15/2023,,,,,,,"Easy to Show Text Alicia 408-802-5106 to Show. Disclosures Available Email alicia@aliciaduarte.com. Offers Due Thursday October 26th at 1:00PM Email Offers to valmein@gmail.com and alicia@aliciaduarte.com Offers Must Include Signed Disclosure Package, Proof of Funds, Pre Approval Letter, Selling Agent AVID, CAR Contract Please.Home is in the Epicenter of the Spectacular Lights Displays & Decor for the Halloween&Christmas Holiday.New Sewer Cleanout Insalled 2018. Separate Laundry Room w/French Door to Serene Backyard,Spacious Deck with Dining and Lounge Area, Freshly Painted Pergola.Front Courtyard w/New Landscape Design, Beautiful Spanish Tile Front Porch Design and Masonry Brick Design, Automatic Driveway. Gate with Remote. Just One Block to Downtown Willow Glen's,Walk to Schools & Parks, Near Pickle Ball Courts, Near the Los Gatos Creek Trail, Near the Willow Glen Farmer's Market and Near the Google Drop Off and Pick Up Locations&Near the Willow Glen Library",Santa Clara,Carolyn Avenue,8,8,8,,,,San Jose Unified,,,,,,1201 Willow ST,6085.0,2.0,,,,10/26/2023,,San Jose Unified,No,,,,,,11/16/2023,Conventional,10/18/2023 8:22 AM,"$1,016",1216634.0,10/18/2023,valmein@gmail.com,,,Full Service,Excl Right,Market Listing,,,,,,,,Call Agent,10/26/2023,,,,,,,,,"$1,599,000",,10/26/2023,,,Public,52,,No,,,"$1,740,000",,"$1,106.17",Alicia Duarte,408-802-5106,,81945446.0,"Stunning Spanish Bungalow Dripping with Character & Charm, 2 Bedrooms, 2 Full Bathrooms,1,573 sq.ft. Plus 221 sq.ft. Unfinished Basement,Located on the Corner of Willow St.&Carolyn Avenue Candy Cane Lane,Enjoy Block Parties&Holiday Celebrations,Stroll to Downtown Willow Glen's Lincoln Avenue!Seller Upgrades in 2023:New Interior&Exterior Paint,New Designer Light Fixtures,Primary Bedroom&Guest Bedroom Hardwood Floors Refinished&Stained,New Professional Landscaping Front Yard&Backyard,New Drip System&Deck Newly Stained.Formal Entry w/Barrel Ceiling&New Designer Light Fixture.Formal Living Room w/Picture Window,Vaulted Ceiling,Two Niches,French Doors to Front Courtyard w/Spanish Tile,Wood Burning Fireplace w/Tile Hearth&Wood Mantel&Recessed Lights!Separate Family Room w/Wood Burning Fireplace.Formal Dining Room w/Designer Chandelier.Gourmet Kitchen w/Granite Slab Countertops,New Maple Cabinets Doors 2015,New Faucet 2022.Primary Bath&Guest Bathroom Updated.New Automatic Driveway Gate 2020",,,"$1,106",,,,For Sale,,,,"$1,106.17",,,CA,11/15/2023,One Story,,,,,,,https://beyondre.marketing/1201-Willow-St/idx,,,11/16/2023,Yes,Yes,Yes,Yes,,,,,95125,R1-8
